tamanho_entrada;tempo_medio
10;0.0000137567
100;0.0000917673
1000;0.0014773607
10000;0.0190981388
100000;0.2282258510
1000000;2.4989252567
