tamanho_entrada;tempo_medio
10;0.0000016000
100;0.0000227000
1000;0.0002201000
10000;0.0022719000
100000;0.0149061000
1000000;0.1613848000

