tamanho_entrada;tempo_medio
10;0.0000051975
100;0.0001732110
1000;0.0225138664
10000;2.3509289741
100000;246.8763832330
