tamanho_entrada;tempo_medio
10;0.0000050544
100;0.0000910282
1000;0.0135645627
10000;1.2051182746
100000;133.9722463369
