tamanho_entrada;tempo_medio
10;0.0000049114
100;0.0001185178
1000;0.0180183172
10000;1.7158756971
