tamanho_entrada;tempo_medio
10;0.0000013000
100;0.0000176000
1000;0.0011261000
10000;0.0888943000
