tamanho_entrada;tempo_medio
10;0.0000018000
100;0.0000082000
1000;0.0000855000
10000;0.0010347000
