tamanho_entrada;tempo_medio
10;0.0000051021
100;0.0002150774
1000;0.0301614761
10000;3.1997492313
