tamanho_entrada;tempo_medio
10;0.0000052690
100;0.0002080440
1000;0.0287947654
10000;3.1427468061
50000;81.2501435756
