tamanho_entrada;tempo_medio
10;0.0000023000
100;0.0000088000
1000;0.0000950000
10000;0.0010477000
50000;0.0060262000
