tamanho_entrada;tempo_medio
10;0.0000012000
100;0.0000160000
1000;0.0010477000
10000;0.0908001000
50000;3.4609595000
