tamanho_entrada;tempo_medio
10;0.0000052452
100;0.0001330852
1000;0.0175676107
10000;1.6781610727
50000;43.8223216295
