tamanho_entrada;tempo_medio
10;0.0000009000
100;0.0000342000
1000;0.0012026000
10000;0.1027643000
100000;17.8268567000
1000000;1842.8292992000
